{"usuarios":[{"nombre":"Mr Anton Hansen","foto":"https://randomuser.me/api/portraits/thumb/men/23.jpg","pais":"Denmark","correo":"anton.hansen@example.com","id":"b4db75"},{"nombre":"Mademoiselle Merita Lucas","foto":"https://randomuser.me/api/portraits/thumb/women/18.jpg","pais":"Switzerland","correo":"merita.lucas@example.com","id":"881bb3"},{"nombre":"Ms Kate Harrison","foto":"https://randomuser.me/api/portraits/thumb/women/21.jpg","pais":"Ireland","correo":"kate.harrison@example.com","id":"b1929f"},{"nombre":"Mr Volkan Tunçeri","foto":"https://randomuser.me/api/portraits/thumb/men/55.jpg","pais":"Turkey","correo":"volkan.tunceri@example.com","id":"1fbec0"},{"nombre":"Ms Helin Tenold","foto":"https://randomuser.me/api/portraits/thumb/women/28.jpg","pais":"Norway","correo":"helin.tenold@example.com","id":"19da08"},{"nombre":"Miss Taylor Hudson","foto":"https://randomuser.me/api/portraits/thumb/women/48.jpg","pais":"Australia","correo":"taylor.hudson@example.com","id":"553174"},{"nombre":"Mr Mustafa Kıraç","foto":"https://randomuser.me/api/portraits/thumb/men/1.jpg","pais":"Turkey","correo":"mustafa.kirac@example.com","id":"37d7d3"},{"nombre":"Mr Nolan Adam","foto":"https://randomuser.me/api/portraits/thumb/men/60.jpg","pais":"France","correo":"nolan.adam@example.com","id":"a4249b"},{"nombre":"Mr Herman Woods","foto":"https://randomuser.me/api/portraits/thumb/men/69.jpg","pais":"United Kingdom","correo":"herman.woods@example.com","id":"e47b1b"},{"nombre":"Mr Alfredo Wright","foto":"https://randomuser.me/api/portraits/thumb/men/43.jpg","pais":"Australia","correo":"alfredo.wright@example.com","id":"254163"},{"nombre":"Mrs Hayley Lee","foto":"https://randomuser.me/api/portraits/thumb/women/39.jpg","pais":"New Zealand","correo":"hayley.lee@example.com","id":"5c6e62"},{"nombre":"Ms Kaitlin Lowe","foto":"https://randomuser.me/api/portraits/thumb/women/65.jpg","pais":"United Kingdom","correo":"kaitlin.lowe@example.com","id":"611b9c"},{"nombre":"Mr Cody Carroll","foto":"https://randomuser.me/api/portraits/thumb/men/44.jpg","pais":"Australia","correo":"cody.carroll@example.com","id":"7e36cc"},{"nombre":"Mr Didrik Nyberg","foto":"https://randomuser.me/api/portraits/thumb/men/61.jpg","pais":"Norway","correo":"didrik.nyberg@example.com","id":"f5f8a6"}]}