{"usuarios":[{"nombre":"Miss Mathilde Dreßler","foto":"https://randomuser.me/api/portraits/thumb/women/18.jpg","pais":"Germany","correo":"mathilde.dressler@example.com","id":"02537d"},{"nombre":"Mr Marco Rojas","foto":"https://randomuser.me/api/portraits/thumb/men/64.jpg","pais":"Spain","correo":"marco.rojas@example.com","id":"ade190"},{"nombre":"Mrs Sophia Clark","foto":"https://randomuser.me/api/portraits/thumb/women/82.jpg","pais":"Canada","correo":"sophia.clark@example.com","id":"edc684"},{"nombre":"Mr Edward Davies","foto":"https://randomuser.me/api/portraits/thumb/men/11.jpg","pais":"New Zealand","correo":"edward.davies@example.com","id":"c03fce"},{"nombre":"Mr Ben Jordan","foto":"https://randomuser.me/api/portraits/thumb/men/14.jpg","pais":"Ireland","correo":"ben.jordan@example.com","id":"d51c8c"},{"nombre":"Mrs Romilda Silva","foto":"https://randomuser.me/api/portraits/thumb/women/4.jpg","pais":"Brazil","correo":"romilda.silva@example.com","id":"a6521e"},{"nombre":"Mrs Christiane Eisner","foto":"https://randomuser.me/api/portraits/thumb/women/1.jpg","pais":"Germany","correo":"christiane.eisner@example.com","id":"f6c9b4"},{"nombre":"Mr Dennis Black","foto":"https://randomuser.me/api/portraits/thumb/men/92.jpg","pais":"Australia","correo":"dennis.black@example.com","id":"e99c51"},{"nombre":"Ms Carmen Vazquez","foto":"https://randomuser.me/api/portraits/thumb/women/30.jpg","pais":"Spain","correo":"carmen.vazquez@example.com","id":"199d6f"},{"nombre":"Mr Lincoln Lewis","foto":"https://randomuser.me/api/portraits/thumb/men/3.jpg","pais":"New Zealand","correo":"lincoln.lewis@example.com","id":"50bf69"},{"nombre":"Mr Zen De Vente","foto":"https://randomuser.me/api/portraits/thumb/men/77.jpg","pais":"Netherlands","correo":"zen.devente@example.com","id":"84bcef"},{"nombre":"Mrs Germana Campos","foto":"https://randomuser.me/api/portraits/thumb/women/71.jpg","pais":"Brazil","correo":"germana.campos@example.com","id":"06ec71"},{"nombre":"Ms Noémie White","foto":"https://randomuser.me/api/portraits/thumb/women/68.jpg","pais":"Canada","correo":"noemie.white@example.com","id":"530247"}]}