{"usuarios":[{"nombre":"Mr Florian Muller","foto":"https://randomuser.me/api/portraits/thumb/men/5.jpg","pais":"France","correo":"florian.muller@example.com","id":"2b52a2"},{"nombre":"Ms Debbie Hayes","foto":"https://randomuser.me/api/portraits/thumb/women/3.jpg","pais":"United States","correo":"debbie.hayes@example.com","id":"4256a9"},{"nombre":"Mr Lester Carpenter","foto":"https://randomuser.me/api/portraits/thumb/men/20.jpg","pais":"Australia","correo":"lester.carpenter@example.com","id":"5ce143"},{"nombre":"Miss Naja Hansen","foto":"https://randomuser.me/api/portraits/thumb/women/54.jpg","pais":"Denmark","correo":"naja.hansen@example.com","id":"4176bf"},{"nombre":"Miss Becky Steward","foto":"https://randomuser.me/api/portraits/thumb/women/51.jpg","pais":"Ireland","correo":"becky.steward@example.com","id":"7d752f"}]}