{"usuarios":[{"nombre":"Miss Hilla Haataja","foto":"https://randomuser.me/api/portraits/thumb/women/14.jpg","pais":"Finland","correo":"hilla.haataja@example.com","id":"5db0c4"},{"nombre":"Mr میلاد مرادی","foto":"https://randomuser.me/api/portraits/thumb/men/11.jpg","pais":"Iran","correo":"myld.mrdy@example.com","id":"285503"},{"nombre":"Mademoiselle Eline Moreau","foto":"https://randomuser.me/api/portraits/thumb/women/72.jpg","pais":"Switzerland","correo":"eline.moreau@example.com","id":"bb66ad"},{"nombre":"Mr Joseph Walker","foto":"https://randomuser.me/api/portraits/thumb/men/52.jpg","pais":"New Zealand","correo":"joseph.walker@example.com","id":"87e85c"},{"nombre":"Mr Dylan Brown","foto":"https://randomuser.me/api/portraits/thumb/men/9.jpg","pais":"Canada","correo":"dylan.brown@example.com","id":"c82ac7"},{"nombre":"Mrs Rosinalva Martins","foto":"https://randomuser.me/api/portraits/thumb/women/15.jpg","pais":"Brazil","correo":"rosinalva.martins@example.com","id":"c588f6"},{"nombre":"Mr Etienne Anderson","foto":"https://randomuser.me/api/portraits/thumb/men/81.jpg","pais":"Canada","correo":"etienne.anderson@example.com","id":"5b91b3"},{"nombre":"Ms Juciele da Rosa","foto":"https://randomuser.me/api/portraits/thumb/women/30.jpg","pais":"Brazil","correo":"juciele.darosa@example.com","id":"3b0d00"},{"nombre":"Madame Adelina Laurent","foto":"https://randomuser.me/api/portraits/thumb/women/56.jpg","pais":"Switzerland","correo":"adelina.laurent@example.com","id":"b763f7"},{"nombre":"Mr Hérman Lopes","foto":"https://randomuser.me/api/portraits/thumb/men/75.jpg","pais":"Brazil","correo":"herman.lopes@example.com","id":"ebed7e"},{"nombre":"Mrs Melodie French","foto":"https://randomuser.me/api/portraits/thumb/women/75.jpg","pais":"Canada","correo":"melodie.french@example.com","id":"4b3238"}]}